{"mu": [0.12490126490592957, 0.12722860276699066, 0.11364533007144928, 0.12366000562906265, 0.13884422183036804, 0.1574348360300064, 0.16120092570781708, 20.33735466003418, 1.6394718885421753, 3.105958938598633], "sigma": [0.6263562440872192, 0.6195626854896545, 0.5685762763023376, 0.6221707463264465, 0.6598933935165405, 0.7264608144760132, 0.7559129595756531, 28.74120330810547, 2.410390853881836, 7.758570671081543]}